{
  "ExamInfo": {
    "date_exam": "2024-06-20",
    "variant_number": 16315628
  },
  "Tasks": [
    {
      "task_number": 1,
      "question": "1",
      "student_answer": "",
      "task_type": "TextTask"
    },
    {
      "task_number": 2,
      "question": "2",
      "student_answer": "",
      "task_type": "TableTask"
    },
    {
      "task_number": 3,
      "question": "3",
      "student_answer": "",
      "task_type": "DatabaseTask"
    },
    {
      "task_number": 4,
      "question": "",
      "student_answer": "",
      "task_type": "CodingTask"
    },
    {
      "task_number": 5,
      "question": "",
      "student_answer": "",
      "task_type": "AlgorithmTask"
    },
    {
      "task_number": 6,
      "question": "",
      "student_answer": "",
      "task_type": "GeometryTask"
    },
    {
      "task_number": 7,
      "question": "",
      "student_answer": "",
      "task_type": "CalculationTask"
    },
    {
      "task_number": 8,
      "question": "",
      "student_answer": "",
      "task_type": "CombinatoricsTask"
    },
    {
      "task_number": 9,
      "question": "",
      "student_answer": "",
      "task_type": "SpreadsheetTask"
    },
    {
      "task_number": 10,
      "question": "",
      "student_answer": "",
      "task_type": "TextAnalysisTask"
    },
    {
      "task_number": 11,
      "question": "",
      "student_answer": "",
      "task_type": "CalculationTask"
    },
    {
      "task_number": 12,
      "question": "",
      "student_answer": "",
      "task_type": "AlgorithmTask"
    },
    {
      "task_number": 13,
      "question": "",
      "student_answer": "",
      "task_type": "GraphTask"
    },
    {
      "task_number": 14,
      "question": "",
      "student_answer": "",
      "task_type": "CalculationTask"
    },
    {
      "task_number": 15,
      "question": "",
      "student_answer": "",
      "task_type": "LogicTask"
    },
    {
      "task_number": 16,
      "question": "",
      "student_answer": "",
      "task_type": "RecursionTask"
    },
    {
      "task_number": 17,
      "question": "",
      "student_answer": "",
      "task_type": "SequenceTask"
    },
    {
      "task_number": 18,
      "question": "",
      "student_answer": "",
      "task_type": "RobotTask",
      "file": "18_10101.xls"
    },
    {
      "task_number": 19,
      "question": "",
      "student_answer": "",
      "task_type": "GameTheoryTask"
    },
    {
      "task_number": 20,
      "question": "",
      "student_answer": "",
      "task_type": "GameTheoryTask"
    },
    {
      "task_number": 21,
      "question": "",
      "student_answer": "",
      "task_type": "GameTheoryTask"
    },
    {
      "task_number": 22,
      "question": "",
      "student_answer": "",
      "task_type": "AlgorithmTask"
    },
    {
      "task_number": 23,
      "question": "",
      "student_answer": "",
      "task_type": "ProgrammingTask"
    },
    {
      "task_number": 24,
      "question": "",
      "student_answer": "",
      "task_type": "FileAnalysisTask"
    },
    {
      "task_number": 25,
      "question": "25",
      "student_answer": "",
      "task_type": "NumberTask"
    },
    {
      "task_number": 26,
      "question": "",
      "student_answer": "",
      "task_type": "CalculationTask",
      "file": "26_3586.txt"
    },
    {
      "task_number": 27,
      "question": "",
      "student_answer": "",
      "task_type": "ProgrammingTask"
    }
  ],
  "Student": {
    "FIO": "",
    "Group": ""
  }
}